filename,category,image_path,split
ingrown_nail (29).jpg,ingrown_nails,data\classification\ingrown_nails\ingrown_nail (29).jpg,train
laseration (36).jpg,laceration,data\classification\laceration\laseration (36).jpg,train
stab_wound (17).jpg,stab_wound,data\classification\stab_wound\stab_wound (17).jpg,train
bruises (10).jpg,bruises,data\classification\bruises\bruises (10).jpg,train
laseration (42).jpg,laceration,data\classification\laceration\laseration (42).jpg,train
bruises (30).jpg,bruises,data\classification\bruises\bruises (30).jpg,train
bruises (102).jpg,bruises,data\classification\bruises\bruises (102).jpg,train
cut (14).jpg,cut,data\classification\cut\cut (14).jpg,train
bruises (5).jpg,bruises,data\classification\bruises\bruises (5).jpg,train
ingrown_nail (15).jpg,ingrown_nails,data\classification\ingrown_nails\ingrown_nail (15).jpg,train
ingrown_nail (18).jpg,ingrown_nails,data\classification\ingrown_nails\ingrown_nail (18).jpg,train
bruises (4).jpg,bruises,data\classification\bruises\bruises (4).jpg,train
laseration (17).jpg,laceration,data\classification\laceration\laseration (17).jpg,train
bruises (40).jpg,bruises,data\classification\bruises\bruises (40).jpg,train
burns (39).jpg,burns,data\classification\burns\burns (39).jpg,train
stab_wound (9).jpg,stab_wound,data\classification\stab_wound\stab_wound (9).jpg,train
stab_wound (23).jpg,stab_wound,data\classification\stab_wound\stab_wound (23).jpg,train
bruises (118).jpg,bruises,data\classification\bruises\bruises (118).jpg,train
laseration (22).jpg,laceration,data\classification\laceration\laseration (22).jpg,train
abrasions (32).jpg,abrasions,data\classification\abrasions\abrasions (32).jpg,train
laseration (41).jpg,laceration,data\classification\laceration\laseration (41).jpg,train
bruises (19).jpg,bruises,data\classification\bruises\bruises (19).jpg,train
ingrown_nail (17).jpg,ingrown_nails,data\classification\ingrown_nails\ingrown_nail (17).jpg,train
burns (21).jpg,burns,data\classification\burns\burns (21).jpg,train
abrasions (42).jpg,abrasions,data\classification\abrasions\abrasions (42).jpg,train
bruises (70).jpg,bruises,data\classification\bruises\bruises (70).jpg,train
bruises (98).jpg,bruises,data\classification\bruises\bruises (98).jpg,train
laseration (13).jpg,laceration,data\classification\laceration\laseration (13).jpg,train
burns (33).jpg,burns,data\classification\burns\burns (33).jpg,train
abrasions (1).jpg,abrasions,data\classification\abrasions\abrasions (1).jpg,train
stab_wound (18).jpg,stab_wound,data\classification\stab_wound\stab_wound (18).jpg,train
bruises (41).jpg,bruises,data\classification\bruises\bruises (41).jpg,train
burns (48).jpg,burns,data\classification\burns\burns (48).jpg,train
burns (29).jpg,burns,data\classification\burns\burns (29).jpg,train
bruises (89).jpg,bruises,data\classification\bruises\bruises (89).jpg,train
bruises (27).jpg,bruises,data\classification\bruises\bruises (27).jpg,train
abrasions (18).jpg,abrasions,data\classification\abrasions\abrasions (18).jpg,train
bruises (64).jpg,bruises,data\classification\bruises\bruises (64).jpg,train
bruises (74).jpg,bruises,data\classification\bruises\bruises (74).jpg,train
ingrown_nail (19).jpg,ingrown_nails,data\classification\ingrown_nails\ingrown_nail (19).jpg,train
abrasions (40).jpg,abrasions,data\classification\abrasions\abrasions (40).jpg,train
abrasions (13).jpg,abrasions,data\classification\abrasions\abrasions (13).jpg,train
bruises (38).jpg,bruises,data\classification\bruises\bruises (38).jpg,train
ingrown_nail (13).jpg,ingrown_nails,data\classification\ingrown_nails\ingrown_nail (13).jpg,train
burns (34).jpg,burns,data\classification\burns\burns (34).jpg,train
laseration (46).jpg,laceration,data\classification\laceration\laseration (46).jpg,train
laseration (54).jpg,laceration,data\classification\laceration\laseration (54).jpg,train
abrasions (3).jpg,abrasions,data\classification\abrasions\abrasions (3).jpg,train
cut (42).jpg,cut,data\classification\cut\cut (42).jpg,train
laseration (58).jpg,laceration,data\classification\laceration\laseration (58).jpg,train
abrasions (5).jpg,abrasions,data\classification\abrasions\abrasions (5).jpg,train
cut (7).jpg,cut,data\classification\cut\cut (7).jpg,train
abrasions (45).jpg,abrasions,data\classification\abrasions\abrasions (45).jpg,train
stab_wound (6).jpg,stab_wound,data\classification\stab_wound\stab_wound (6).jpg,train
laseration (40).jpg,laceration,data\classification\laceration\laseration (40).jpg,train
bruises (73).jpg,bruises,data\classification\bruises\bruises (73).jpg,train
bruises (17).jpg,bruises,data\classification\bruises\bruises (17).jpg,train
bruises (7).jpg,bruises,data\classification\bruises\bruises (7).jpg,train
abrasions (8).jpg,abrasions,data\classification\abrasions\abrasions (8).jpg,train
cut (6).jpg,cut,data\classification\cut\cut (6).jpg,train
bruises (96).jpg,bruises,data\classification\bruises\bruises (96).jpg,train
abrasions (6).jpg,abrasions,data\classification\abrasions\abrasions (6).jpg,train
cut (32).jpg,cut,data\classification\cut\cut (32).jpg,train
bruises (67).jpg,bruises,data\classification\bruises\bruises (67).jpg,train
laseration (26).jpg,laceration,data\classification\laceration\laseration (26).jpg,train
laseration (30).jpg,laceration,data\classification\laceration\laseration (30).jpg,train
bruises (62).jpg,bruises,data\classification\bruises\bruises (62).jpg,train
bruises (56).jpg,bruises,data\classification\bruises\bruises (56).jpg,train
abrasions (47).jpg,abrasions,data\classification\abrasions\abrasions (47).jpg,train
burns (27).jpg,burns,data\classification\burns\burns (27).jpg,train
cut (24).jpg,cut,data\classification\cut\cut (24).jpg,train
abrasions (73).jpg,abrasions,data\classification\abrasions\abrasions (73).jpg,train
cut (15).jpg,cut,data\classification\cut\cut (15).jpg,train
laseration (35).jpg,laceration,data\classification\laceration\laseration (35).jpg,train
cut (8).jpg,cut,data\classification\cut\cut (8).jpg,train
cut (5).jpg,cut,data\classification\cut\cut (5).jpg,train
abrasions (82).jpg,abrasions,data\classification\abrasions\abrasions (82).jpg,train
burns (45).jpg,burns,data\classification\burns\burns (45).jpg,train
burns (28).jpg,burns,data\classification\burns\burns (28).jpg,train
bruises (80).jpg,bruises,data\classification\bruises\bruises (80).jpg,train
bruises (85).jpg,bruises,data\classification\bruises\bruises (85).jpg,train
abrasions (72).jpg,abrasions,data\classification\abrasions\abrasions (72).jpg,train
abrasions (20).jpg,abrasions,data\classification\abrasions\abrasions (20).jpg,train
bruises (15).jpg,bruises,data\classification\bruises\bruises (15).jpg,train
ingrown_nail (2).jpg,ingrown_nails,data\classification\ingrown_nails\ingrown_nail (2).jpg,train
abrasions (25).jpg,abrasions,data\classification\abrasions\abrasions (25).jpg,train
stab_wound (21).jpg,stab_wound,data\classification\stab_wound\stab_wound (21).jpg,train
cut (33).jpg,cut,data\classification\cut\cut (33).jpg,train
abrasions (9).jpg,abrasions,data\classification\abrasions\abrasions (9).jpg,train
burns (25).jpg,burns,data\classification\burns\burns (25).jpg,train
bruises (21).jpg,bruises,data\classification\bruises\bruises (21).jpg,train
burns (36).jpg,burns,data\classification\burns\burns (36).jpg,train
laseration (32).jpg,laceration,data\classification\laceration\laseration (32).jpg,train
burns (9).jpg,burns,data\classification\burns\burns (9).jpg,train
abrasions (50).jpg,abrasions,data\classification\abrasions\abrasions (50).jpg,train
burns (40).jpg,burns,data\classification\burns\burns (40).jpg,train
burns (47).jpg,burns,data\classification\burns\burns (47).jpg,train
bruises (50).jpg,bruises,data\classification\bruises\bruises (50).jpg,train
burns (31).jpg,burns,data\classification\burns\burns (31).jpg,train
laseration (15).jpg,laceration,data\classification\laceration\laseration (15).jpg,train
stab_wound (14).jpg,stab_wound,data\classification\stab_wound\stab_wound (14).jpg,train
abrasions (34).jpg,abrasions,data\classification\abrasions\abrasions (34).jpg,train
bruises (113).jpg,bruises,data\classification\bruises\bruises (113).jpg,train
burns (8).jpg,burns,data\classification\burns\burns (8).jpg,train
abrasions (52).jpg,abrasions,data\classification\abrasions\abrasions (52).jpg,train
bruises (24).jpg,bruises,data\classification\bruises\bruises (24).jpg,train
cut (4).jpg,cut,data\classification\cut\cut (4).jpg,train
abrasions (75).jpg,abrasions,data\classification\abrasions\abrasions (75).jpg,train
stab_wound (19).jpg,stab_wound,data\classification\stab_wound\stab_wound (19).jpg,train
stab_wound (11).jpg,stab_wound,data\classification\stab_wound\stab_wound (11).jpg,train
laseration (59).jpg,laceration,data\classification\laceration\laseration (59).jpg,train
bruises (44).jpg,bruises,data\classification\bruises\bruises (44).jpg,train
stab_wound (13).jpg,stab_wound,data\classification\stab_wound\stab_wound (13).jpg,train
cut (34).jpg,cut,data\classification\cut\cut (34).jpg,train
abrasions (70).jpg,abrasions,data\classification\abrasions\abrasions (70).jpg,train
laseration (49).jpg,laceration,data\classification\laceration\laseration (49).jpg,train
burns (53).jpg,burns,data\classification\burns\burns (53).jpg,train
cut (19).jpg,cut,data\classification\cut\cut (19).jpg,train
laseration (20).jpg,laceration,data\classification\laceration\laseration (20).jpg,train
cut (36).jpg,cut,data\classification\cut\cut (36).jpg,train
bruises (72).jpg,bruises,data\classification\bruises\bruises (72).jpg,train
laseration (6).jpg,laceration,data\classification\laceration\laseration (6).jpg,train
bruises (2).jpg,bruises,data\classification\bruises\bruises (2).jpg,train
abrasions (66).jpg,abrasions,data\classification\abrasions\abrasions (66).jpg,train
burns (43).jpg,burns,data\classification\burns\burns (43).jpg,train
bruises (54).jpg,bruises,data\classification\bruises\bruises (54).jpg,train
abrasions (14).jpg,abrasions,data\classification\abrasions\abrasions (14).jpg,train
bruises (16).jpg,bruises,data\classification\bruises\bruises (16).jpg,train
abrasions (79).jpg,abrasions,data\classification\abrasions\abrasions (79).jpg,train
ingrown_nail (27).jpg,ingrown_nails,data\classification\ingrown_nails\ingrown_nail (27).jpg,train
cut (12).jpg,cut,data\classification\cut\cut (12).jpg,train
abrasions (15).jpg,abrasions,data\classification\abrasions\abrasions (15).jpg,train
ingrown_nail (3).jpg,ingrown_nails,data\classification\ingrown_nails\ingrown_nail (3).jpg,train
bruises (71).jpg,bruises,data\classification\bruises\bruises (71).jpg,train
ingrown_nail (23).jpg,ingrown_nails,data\classification\ingrown_nails\ingrown_nail (23).jpg,train
bruises (82).jpg,bruises,data\classification\bruises\bruises (82).jpg,train
cut (48).jpg,cut,data\classification\cut\cut (48).jpg,train
abrasions (16).jpg,abrasions,data\classification\abrasions\abrasions (16).jpg,train
abrasions (55).jpg,abrasions,data\classification\abrasions\abrasions (55).jpg,train
laseration (50).jpg,laceration,data\classification\laceration\laseration (50).jpg,train
burns (1).jpg,burns,data\classification\burns\burns (1).jpg,train
cut (2).jpg,cut,data\classification\cut\cut (2).jpg,train
abrasions (69).jpg,abrasions,data\classification\abrasions\abrasions (69).jpg,train
bruises (84).jpg,bruises,data\classification\bruises\bruises (84).jpg,train
laseration (51).jpg,laceration,data\classification\laceration\laseration (51).jpg,train
abrasions (7).jpg,abrasions,data\classification\abrasions\abrasions (7).jpg,train
cut (37).jpg,cut,data\classification\cut\cut (37).jpg,train
stab_wound (10).jpg,stab_wound,data\classification\stab_wound\stab_wound (10).jpg,train
bruises (6).jpg,bruises,data\classification\bruises\bruises (6).jpg,train
burns (30).jpg,burns,data\classification\burns\burns (30).jpg,train
cut (29).jpg,cut,data\classification\cut\cut (29).jpg,train
abrasions (65).jpg,abrasions,data\classification\abrasions\abrasions (65).jpg,train
laseration (23).jpg,laceration,data\classification\laceration\laseration (23).jpg,train
bruises (93).jpg,bruises,data\classification\bruises\bruises (93).jpg,train
bruises (77).jpg,bruises,data\classification\bruises\bruises (77).jpg,train
laseration (34).jpg,laceration,data\classification\laceration\laseration (34).jpg,train
bruises (48).jpg,bruises,data\classification\bruises\bruises (48).jpg,train
bruises (20).jpg,bruises,data\classification\bruises\bruises (20).jpg,train
bruises (22).jpg,bruises,data\classification\bruises\bruises (22).jpg,train
burns (19).jpg,burns,data\classification\burns\burns (19).jpg,train
laseration (52).jpg,laceration,data\classification\laceration\laseration (52).jpg,train
ingrown_nail (21).jpg,ingrown_nails,data\classification\ingrown_nails\ingrown_nail (21).jpg,train
abrasions (54).jpg,abrasions,data\classification\abrasions\abrasions (54).jpg,train
bruises (65).jpg,bruises,data\classification\bruises\bruises (65).jpg,train
bruises (79).jpg,bruises,data\classification\bruises\bruises (79).jpg,train
abrasions (38).jpg,abrasions,data\classification\abrasions\abrasions (38).jpg,train
bruises (110).jpg,bruises,data\classification\bruises\bruises (110).jpg,train
abrasions (41).jpg,abrasions,data\classification\abrasions\abrasions (41).jpg,train
bruises (91).jpg,bruises,data\classification\bruises\bruises (91).jpg,train
cut (35).jpg,cut,data\classification\cut\cut (35).jpg,train
bruises (31).jpg,bruises,data\classification\bruises\bruises (31).jpg,train
ingrown_nail (16).jpg,ingrown_nails,data\classification\ingrown_nails\ingrown_nail (16).jpg,train
abrasions (53).jpg,abrasions,data\classification\abrasions\abrasions (53).jpg,train
abrasions (43).jpg,abrasions,data\classification\abrasions\abrasions (43).jpg,train
bruises (46).jpg,bruises,data\classification\bruises\bruises (46).jpg,train
burns (18).jpg,burns,data\classification\burns\burns (18).jpg,train
burns (23).jpg,burns,data\classification\burns\burns (23).jpg,train
bruises (115).jpg,bruises,data\classification\bruises\bruises (115).jpg,train
bruises (58).jpg,bruises,data\classification\bruises\bruises (58).jpg,train
abrasions (51).jpg,abrasions,data\classification\abrasions\abrasions (51).jpg,train
cut (31).jpg,cut,data\classification\cut\cut (31).jpg,train
burns (4).jpg,burns,data\classification\burns\burns (4).jpg,train
ingrown_nail (22).jpg,ingrown_nails,data\classification\ingrown_nails\ingrown_nail (22).jpg,train
burns (2).jpg,burns,data\classification\burns\burns (2).jpg,train
cut (13).jpg,cut,data\classification\cut\cut (13).jpg,train
laseration (61).jpg,laceration,data\classification\laceration\laseration (61).jpg,train
burns (46).jpg,burns,data\classification\burns\burns (46).jpg,train
burns (15).jpg,burns,data\classification\burns\burns (15).jpg,train
bruises (3).jpg,bruises,data\classification\bruises\bruises (3).jpg,train
burns (44).jpg,burns,data\classification\burns\burns (44).jpg,train
bruises (49).jpg,bruises,data\classification\bruises\bruises (49).jpg,train
burns (5).jpg,burns,data\classification\burns\burns (5).jpg,train
bruises (90).jpg,bruises,data\classification\bruises\bruises (90).jpg,train
abrasions (59).jpg,abrasions,data\classification\abrasions\abrasions (59).jpg,train
bruises (8).jpg,bruises,data\classification\bruises\bruises (8).jpg,train
abrasions (21).jpg,abrasions,data\classification\abrasions\abrasions (21).jpg,train
ingrown_nail (24).jpg,ingrown_nails,data\classification\ingrown_nails\ingrown_nail (24).jpg,train
abrasions (27).jpg,abrasions,data\classification\abrasions\abrasions (27).jpg,train
cut (22).jpg,cut,data\classification\cut\cut (22).jpg,train
laseration (4).jpg,laceration,data\classification\laceration\laseration (4).jpg,train
laseration (8).jpg,laceration,data\classification\laceration\laseration (8).jpg,train
stab_wound (3).jpg,stab_wound,data\classification\stab_wound\stab_wound (3).jpg,train
laseration (44).jpg,laceration,data\classification\laceration\laseration (44).jpg,train
bruises (120).jpg,bruises,data\classification\bruises\bruises (120).jpg,train
laseration (55).jpg,laceration,data\classification\laceration\laseration (55).jpg,train
laseration (57).jpg,laceration,data\classification\laceration\laseration (57).jpg,train
cut (3).jpg,cut,data\classification\cut\cut (3).jpg,train
ingrown_nail (6).jpg,ingrown_nails,data\classification\ingrown_nails\ingrown_nail (6).jpg,train
abrasions (60).jpg,abrasions,data\classification\abrasions\abrasions (60).jpg,train
abrasions (23).jpg,abrasions,data\classification\abrasions\abrasions (23).jpg,train
laseration (43).jpg,laceration,data\classification\laceration\laseration (43).jpg,train
abrasions (12).jpg,abrasions,data\classification\abrasions\abrasions (12).jpg,train
bruises (63).jpg,bruises,data\classification\bruises\bruises (63).jpg,train
abrasions (46).jpg,abrasions,data\classification\abrasions\abrasions (46).jpg,train
bruises (51).jpg,bruises,data\classification\bruises\bruises (51).jpg,train
burns (52).jpg,burns,data\classification\burns\burns (52).jpg,train
ingrown_nail (4).jpg,ingrown_nails,data\classification\ingrown_nails\ingrown_nail (4).jpg,train
cut (49).jpg,cut,data\classification\cut\cut (49).jpg,train
cut (21).jpg,cut,data\classification\cut\cut (21).jpg,train
stab_wound (12).jpg,stab_wound,data\classification\stab_wound\stab_wound (12).jpg,train
bruises (60).jpg,bruises,data\classification\bruises\bruises (60).jpg,train
laseration (29).jpg,laceration,data\classification\laceration\laseration (29).jpg,train
laseration (16).jpg,laceration,data\classification\laceration\laseration (16).jpg,train
cut (1).jpg,cut,data\classification\cut\cut (1).jpg,train
cut (45).jpg,cut,data\classification\cut\cut (45).jpg,train
abrasions (71).jpg,abrasions,data\classification\abrasions\abrasions (71).jpg,train
burns (20).jpg,burns,data\classification\burns\burns (20).jpg,train
bruises (83).jpg,bruises,data\classification\bruises\bruises (83).jpg,train
laseration (33).jpg,laceration,data\classification\laceration\laseration (33).jpg,train
burns (24).jpg,burns,data\classification\burns\burns (24).jpg,train
laseration (24).jpg,laceration,data\classification\laceration\laseration (24).jpg,train
burns (42).jpg,burns,data\classification\burns\burns (42).jpg,train
bruises (11).jpg,bruises,data\classification\bruises\bruises (11).jpg,train
cut (41).jpg,cut,data\classification\cut\cut (41).jpg,train
bruises (114).jpg,bruises,data\classification\bruises\bruises (114).jpg,train
abrasions (68).jpg,abrasions,data\classification\abrasions\abrasions (68).jpg,train
bruises (109).jpg,bruises,data\classification\bruises\bruises (109).jpg,train
cut (50).jpg,cut,data\classification\cut\cut (50).jpg,train
cut (28).jpg,cut,data\classification\cut\cut (28).jpg,train
ingrown_nail (30).jpg,ingrown_nails,data\classification\ingrown_nails\ingrown_nail (30).jpg,train
cut (10).jpg,cut,data\classification\cut\cut (10).jpg,train
abrasions (44).jpg,abrasions,data\classification\abrasions\abrasions (44).jpg,train
laseration (2).jpg,laceration,data\classification\laceration\laseration (2).jpg,train
laseration (27).jpg,laceration,data\classification\laceration\laseration (27).jpg,train
ingrown_nail (26).jpg,ingrown_nails,data\classification\ingrown_nails\ingrown_nail (26).jpg,train
ingrown_nail (31).jpg,ingrown_nails,data\classification\ingrown_nails\ingrown_nail (31).jpg,train
bruises (18).jpg,bruises,data\classification\bruises\bruises (18).jpg,train
abrasions (62).jpg,abrasions,data\classification\abrasions\abrasions (62).jpg,train
bruises (34).jpg,bruises,data\classification\bruises\bruises (34).jpg,train
bruises (112).jpg,bruises,data\classification\bruises\bruises (112).jpg,train
bruises (13).jpg,bruises,data\classification\bruises\bruises (13).jpg,train
abrasions (83).jpg,abrasions,data\classification\abrasions\abrasions (83).jpg,train
ingrown_nail (7).jpg,ingrown_nails,data\classification\ingrown_nails\ingrown_nail (7).jpg,train
abrasions (35).jpg,abrasions,data\classification\abrasions\abrasions (35).jpg,train
bruises (119).jpg,bruises,data\classification\bruises\bruises (119).jpg,train
laseration (53).jpg,laceration,data\classification\laceration\laseration (53).jpg,train
bruises (39).jpg,bruises,data\classification\bruises\bruises (39).jpg,train
bruises (57).jpg,bruises,data\classification\bruises\bruises (57).jpg,train
bruises (53).jpg,bruises,data\classification\bruises\bruises (53).jpg,train
ingrown_nail (12).jpg,ingrown_nails,data\classification\ingrown_nails\ingrown_nail (12).jpg,train
laseration (10).jpg,laceration,data\classification\laceration\laseration (10).jpg,train
stab_wound (22).jpg,stab_wound,data\classification\stab_wound\stab_wound (22).jpg,train
bruises (99).jpg,bruises,data\classification\bruises\bruises (99).jpg,train
bruises (78).jpg,bruises,data\classification\bruises\bruises (78).jpg,train
burns (51).jpg,burns,data\classification\burns\burns (51).jpg,train
burns (35).jpg,burns,data\classification\burns\burns (35).jpg,train
bruises (59).jpg,bruises,data\classification\bruises\bruises (59).jpg,train
bruises (76).jpg,bruises,data\classification\bruises\bruises (76).jpg,train
laseration (14).jpg,laceration,data\classification\laceration\laseration (14).jpg,train
bruises (26).jpg,bruises,data\classification\bruises\bruises (26).jpg,train
abrasions (80).jpg,abrasions,data\classification\abrasions\abrasions (80).jpg,train
laseration (37).jpg,laceration,data\classification\laceration\laseration (37).jpg,train
cut (20).jpg,cut,data\classification\cut\cut (20).jpg,train
bruises (32).jpg,bruises,data\classification\bruises\bruises (32).jpg,train
abrasions (33).jpg,abrasions,data\classification\abrasions\abrasions (33).jpg,train
bruises (37).jpg,bruises,data\classification\bruises\bruises (37).jpg,train
bruises (66).jpg,bruises,data\classification\bruises\bruises (66).jpg,train
abrasions (49).jpg,abrasions,data\classification\abrasions\abrasions (49).jpg,train
stab_wound (1).jpg,stab_wound,data\classification\stab_wound\stab_wound (1).jpg,train
bruises (104).jpg,bruises,data\classification\bruises\bruises (104).jpg,train
abrasions (24).jpg,abrasions,data\classification\abrasions\abrasions (24).jpg,train
laseration (47).jpg,laceration,data\classification\laceration\laseration (47).jpg,train
burns (3).jpg,burns,data\classification\burns\burns (3).jpg,train
burns (50).jpg,burns,data\classification\burns\burns (50).jpg,train
abrasions (63).jpg,abrasions,data\classification\abrasions\abrasions (63).jpg,train
burns (56).jpg,burns,data\classification\burns\burns (56).jpg,train
bruises (97).jpg,bruises,data\classification\bruises\bruises (97).jpg,train
cut (47).jpg,cut,data\classification\cut\cut (47).jpg,train
bruises (94).jpg,bruises,data\classification\bruises\bruises (94).jpg,train
burns (11).jpg,burns,data\classification\burns\burns (11).jpg,train
burns (54).jpg,burns,data\classification\burns\burns (54).jpg,train
abrasions (58).jpg,abrasions,data\classification\abrasions\abrasions (58).jpg,train
cut (18).jpg,cut,data\classification\cut\cut (18).jpg,train
stab_wound (20).jpg,stab_wound,data\classification\stab_wound\stab_wound (20).jpg,train
bruises (122).jpg,bruises,data\classification\bruises\bruises (122).jpg,train
bruises (107).jpg,bruises,data\classification\bruises\bruises (107).jpg,train
bruises (121).jpg,bruises,data\classification\bruises\bruises (121).jpg,train
laseration (21).jpg,laceration,data\classification\laceration\laseration (21).jpg,train
abrasions (76).jpg,abrasions,data\classification\abrasions\abrasions (76).jpg,train
burns (41).jpg,burns,data\classification\burns\burns (41).jpg,train
abrasions (85).jpg,abrasions,data\classification\abrasions\abrasions (85).jpg,train
abrasions (17).jpg,abrasions,data\classification\abrasions\abrasions (17).jpg,val
ingrown_nail (8).jpg,ingrown_nails,data\classification\ingrown_nails\ingrown_nail (8).jpg,val
bruises (28).jpg,bruises,data\classification\bruises\bruises (28).jpg,val
bruises (12).jpg,bruises,data\classification\bruises\bruises (12).jpg,val
abrasions (39).jpg,abrasions,data\classification\abrasions\abrasions (39).jpg,val
laseration (45).jpg,laceration,data\classification\laceration\laseration (45).jpg,val
burns (55).jpg,burns,data\classification\burns\burns (55).jpg,val
bruises (81).jpg,bruises,data\classification\bruises\bruises (81).jpg,val
cut (9).jpg,cut,data\classification\cut\cut (9).jpg,val
cut (43).jpg,cut,data\classification\cut\cut (43).jpg,val
abrasions (2).jpg,abrasions,data\classification\abrasions\abrasions (2).jpg,val
stab_wound (8).jpg,stab_wound,data\classification\stab_wound\stab_wound (8).jpg,val
bruises (88).jpg,bruises,data\classification\bruises\bruises (88).jpg,val
abrasions (84).jpg,abrasions,data\classification\abrasions\abrasions (84).jpg,val
burns (59).jpg,burns,data\classification\burns\burns (59).jpg,val
burns (22).jpg,burns,data\classification\burns\burns (22).jpg,val
bruises (35).jpg,bruises,data\classification\bruises\bruises (35).jpg,val
bruises (101).jpg,bruises,data\classification\bruises\bruises (101).jpg,val
cut (44).jpg,cut,data\classification\cut\cut (44).jpg,val
cut (25).jpg,cut,data\classification\cut\cut (25).jpg,val
ingrown_nail (11).jpg,ingrown_nails,data\classification\ingrown_nails\ingrown_nail (11).jpg,val
bruises (103).jpg,bruises,data\classification\bruises\bruises (103).jpg,val
burns (7).jpg,burns,data\classification\burns\burns (7).jpg,val
laseration (19).jpg,laceration,data\classification\laceration\laseration (19).jpg,val
abrasions (19).jpg,abrasions,data\classification\abrasions\abrasions (19).jpg,val
laseration (18).jpg,laceration,data\classification\laceration\laseration (18).jpg,val
cut (39).jpg,cut,data\classification\cut\cut (39).jpg,val
burns (13).jpg,burns,data\classification\burns\burns (13).jpg,val
laseration (5).jpg,laceration,data\classification\laceration\laseration (5).jpg,val
stab_wound (4).jpg,stab_wound,data\classification\stab_wound\stab_wound (4).jpg,val
burns (16).jpg,burns,data\classification\burns\burns (16).jpg,val
stab_wound (5).jpg,stab_wound,data\classification\stab_wound\stab_wound (5).jpg,val
bruises (33).jpg,bruises,data\classification\bruises\bruises (33).jpg,val
ingrown_nail (20).jpg,ingrown_nails,data\classification\ingrown_nails\ingrown_nail (20).jpg,val
bruises (43).jpg,bruises,data\classification\bruises\bruises (43).jpg,val
bruises (117).jpg,bruises,data\classification\bruises\bruises (117).jpg,val
abrasions (78).jpg,abrasions,data\classification\abrasions\abrasions (78).jpg,val
burns (17).jpg,burns,data\classification\burns\burns (17).jpg,val
ingrown_nail (14).jpg,ingrown_nails,data\classification\ingrown_nails\ingrown_nail (14).jpg,val
abrasions (67).jpg,abrasions,data\classification\abrasions\abrasions (67).jpg,val
laseration (1).jpg,laceration,data\classification\laceration\laseration (1).jpg,val
laseration (60).jpg,laceration,data\classification\laceration\laseration (60).jpg,val
bruises (23).jpg,bruises,data\classification\bruises\bruises (23).jpg,val
abrasions (61).jpg,abrasions,data\classification\abrasions\abrasions (61).jpg,val
abrasions (26).jpg,abrasions,data\classification\abrasions\abrasions (26).jpg,val
bruises (95).jpg,bruises,data\classification\bruises\bruises (95).jpg,val
cut (38).jpg,cut,data\classification\cut\cut (38).jpg,val
abrasions (37).jpg,abrasions,data\classification\abrasions\abrasions (37).jpg,val
bruises (36).jpg,bruises,data\classification\bruises\bruises (36).jpg,val
abrasions (31).jpg,abrasions,data\classification\abrasions\abrasions (31).jpg,val
burns (37).jpg,burns,data\classification\burns\burns (37).jpg,val
cut (16).jpg,cut,data\classification\cut\cut (16).jpg,val
laseration (48).jpg,laceration,data\classification\laceration\laseration (48).jpg,val
bruises (92).jpg,bruises,data\classification\bruises\bruises (92).jpg,val
ingrown_nail (25).jpg,ingrown_nails,data\classification\ingrown_nails\ingrown_nail (25).jpg,val
bruises (75).jpg,bruises,data\classification\bruises\bruises (75).jpg,val
abrasions (48).jpg,abrasions,data\classification\abrasions\abrasions (48).jpg,val
bruises (100).jpg,bruises,data\classification\bruises\bruises (100).jpg,val
laseration (7).jpg,laceration,data\classification\laceration\laseration (7).jpg,val
burns (6).jpg,burns,data\classification\burns\burns (6).jpg,val
abrasions (4).jpg,abrasions,data\classification\abrasions\abrasions (4).jpg,val
bruises (55).jpg,bruises,data\classification\bruises\bruises (55).jpg,val
laseration (12).jpg,laceration,data\classification\laceration\laseration (12).jpg,val
bruises (116).jpg,bruises,data\classification\bruises\bruises (116).jpg,val
stab_wound (15).jpg,stab_wound,data\classification\stab_wound\stab_wound (15).jpg,val
stab_wound (7).jpg,stab_wound,data\classification\stab_wound\stab_wound (7).jpg,test
bruises (87).jpg,bruises,data\classification\bruises\bruises (87).jpg,test
bruises (69).jpg,bruises,data\classification\bruises\bruises (69).jpg,test
bruises (1).jpg,bruises,data\classification\bruises\bruises (1).jpg,test
laseration (38).jpg,laceration,data\classification\laceration\laseration (38).jpg,test
cut (27).jpg,cut,data\classification\cut\cut (27).jpg,test
cut (23).jpg,cut,data\classification\cut\cut (23).jpg,test
abrasions (64).jpg,abrasions,data\classification\abrasions\abrasions (64).jpg,test
abrasions (81).jpg,abrasions,data\classification\abrasions\abrasions (81).jpg,test
burns (14).jpg,burns,data\classification\burns\burns (14).jpg,test
burns (38).jpg,burns,data\classification\burns\burns (38).jpg,test
burns (57).jpg,burns,data\classification\burns\burns (57).jpg,test
cut (26).jpg,cut,data\classification\cut\cut (26).jpg,test
cut (30).jpg,cut,data\classification\cut\cut (30).jpg,test
ingrown_nail (9).jpg,ingrown_nails,data\classification\ingrown_nails\ingrown_nail (9).jpg,test
burns (58).jpg,burns,data\classification\burns\burns (58).jpg,test
ingrown_nail (1).jpg,ingrown_nails,data\classification\ingrown_nails\ingrown_nail (1).jpg,test
stab_wound (16).jpg,stab_wound,data\classification\stab_wound\stab_wound (16).jpg,test
ingrown_nail (5).jpg,ingrown_nails,data\classification\ingrown_nails\ingrown_nail (5).jpg,test
laseration (3).jpg,laceration,data\classification\laceration\laseration (3).jpg,test
burns (32).jpg,burns,data\classification\burns\burns (32).jpg,test
bruises (108).jpg,bruises,data\classification\bruises\bruises (108).jpg,test
laseration (11).jpg,laceration,data\classification\laceration\laseration (11).jpg,test
abrasions (56).jpg,abrasions,data\classification\abrasions\abrasions (56).jpg,test
burns (49).jpg,burns,data\classification\burns\burns (49).jpg,test
bruises (9).jpg,bruises,data\classification\bruises\bruises (9).jpg,test
abrasions (10).jpg,abrasions,data\classification\abrasions\abrasions (10).jpg,test
bruises (61).jpg,bruises,data\classification\bruises\bruises (61).jpg,test
bruises (29).jpg,bruises,data\classification\bruises\bruises (29).jpg,test
abrasions (22).jpg,abrasions,data\classification\abrasions\abrasions (22).jpg,test
abrasions (28).jpg,abrasions,data\classification\abrasions\abrasions (28).jpg,test
burns (10).jpg,burns,data\classification\burns\burns (10).jpg,test
abrasions (36).jpg,abrasions,data\classification\abrasions\abrasions (36).jpg,test
abrasions (30).jpg,abrasions,data\classification\abrasions\abrasions (30).jpg,test
ingrown_nail (28).jpg,ingrown_nails,data\classification\ingrown_nails\ingrown_nail (28).jpg,test
bruises (106).jpg,bruises,data\classification\bruises\bruises (106).jpg,test
bruises (14).jpg,bruises,data\classification\bruises\bruises (14).jpg,test
bruises (105).jpg,bruises,data\classification\bruises\bruises (105).jpg,test
abrasions (11).jpg,abrasions,data\classification\abrasions\abrasions (11).jpg,test
bruises (68).jpg,bruises,data\classification\bruises\bruises (68).jpg,test
bruises (86).jpg,bruises,data\classification\bruises\bruises (86).jpg,test
cut (40).jpg,cut,data\classification\cut\cut (40).jpg,test
bruises (25).jpg,bruises,data\classification\bruises\bruises (25).jpg,test
bruises (111).jpg,bruises,data\classification\bruises\bruises (111).jpg,test
laseration (56).jpg,laceration,data\classification\laceration\laseration (56).jpg,test
burns (12).jpg,burns,data\classification\burns\burns (12).jpg,test
abrasions (57).jpg,abrasions,data\classification\abrasions\abrasions (57).jpg,test
bruises (47).jpg,bruises,data\classification\bruises\bruises (47).jpg,test
laseration (39).jpg,laceration,data\classification\laceration\laseration (39).jpg,test
burns (26).jpg,burns,data\classification\burns\burns (26).jpg,test
abrasions (29).jpg,abrasions,data\classification\abrasions\abrasions (29).jpg,test
abrasions (77).jpg,abrasions,data\classification\abrasions\abrasions (77).jpg,test
laseration (28).jpg,laceration,data\classification\laceration\laseration (28).jpg,test
laseration (31).jpg,laceration,data\classification\laceration\laseration (31).jpg,test
stab_wound (2).jpg,stab_wound,data\classification\stab_wound\stab_wound (2).jpg,test
bruises (42).jpg,bruises,data\classification\bruises\bruises (42).jpg,test
bruises (45).jpg,bruises,data\classification\bruises\bruises (45).jpg,test
laseration (25).jpg,laceration,data\classification\laceration\laseration (25).jpg,test
bruises (52).jpg,bruises,data\classification\bruises\bruises (52).jpg,test
laseration (9).jpg,laceration,data\classification\laceration\laseration (9).jpg,test
cut (46).jpg,cut,data\classification\cut\cut (46).jpg,test
ingrown_nail (10).jpg,ingrown_nails,data\classification\ingrown_nails\ingrown_nail (10).jpg,test
abrasions (74).jpg,abrasions,data\classification\abrasions\abrasions (74).jpg,test
cut (17).jpg,cut,data\classification\cut\cut (17).jpg,test
cut (11).jpg,cut,data\classification\cut\cut (11).jpg,test
